unit,actual_RUL,predicted_RUL
1,22.0,47.486076
2,39.0,64.55936
3,107.0,124.98694
4,75.0,125.71893
5,149.0,79.08887
6,78.0,125.56052
7,94.0,94.08352
8,14.0,14.805077
9,99.0,125.190735
10,162.0,124.066956
11,143.0,125.552765
12,7.0,11.871549
13,71.0,70.97323
14,105.0,87.31323
15,12.0,19.731731
16,160.0,124.03884
17,162.0,118.40197
18,104.0,87.78254
19,194.0,125.85828
20,82.0,67.12144
21,91.0,122.19473
22,11.0,14.735864
23,26.0,48.975803
24,142.0,121.468956
25,39.0,34.229836
26,92.0,114.24868
27,76.0,64.86632
28,124.0,125.6249
29,64.0,123.08134
30,118.0,125.59945
31,6.0,8.985752
32,22.0,8.825042
33,147.0,125.65461
34,126.0,125.59109
35,36.0,31.270454
36,73.0,77.95856
37,89.0,70.70112
38,11.0,8.215575
39,151.0,118.71005
40,10.0,11.572714
41,97.0,121.014305
42,30.0,22.017254
43,42.0,122.70787
44,60.0,35.402058
45,85.0,116.79424
46,134.0,123.05549
47,34.0,39.925674
48,45.0,91.39658
49,24.0,29.062557
50,86.0,125.22837
51,119.0,125.66127
52,151.0,125.20643
53,142.0,124.80447
54,176.0,104.92132
55,157.0,124.718185
56,67.0,125.30093
57,97.0,125.96159
58,8.0,4.8050857
59,154.0,125.572945
60,139.0,118.114006
61,51.0,36.085884
62,33.0,53.879986
63,184.0,124.62917
64,46.0,43.384087
65,12.0,21.594673
66,133.0,82.77029
67,46.0,19.921032
68,46.0,41.57565
69,12.0,12.817885
70,33.0,46.106724
71,15.0,17.10907
72,176.0,125.72939
73,23.0,41.78566
74,89.0,125.720245
75,124.0,123.8186
76,163.0,125.67744
77,25.0,70.22877
78,74.0,123.51025
79,78.0,115.99383
80,114.0,99.271454
81,96.0,124.04922
82,10.0,10.839567
83,172.0,123.57882
84,166.0,125.819664
85,115.0,125.43722
86,70.0,52.532562
87,94.0,125.53729
88,56.0,112.95719
89,86.0,70.51711
90,96.0,111.70255
91,50.0,51.243942
92,73.0,120.64856
93,154.0,125.83016
94,129.0,125.184395
95,171.0,122.782906
96,71.0,114.641685
97,105.0,122.65276
98,113.0,125.47739
99,37.0,53.63675
100,7.0,8.821942
101,13.0,14.504176
102,22.0,9.765791
103,9.0,22.371952
104,120.0,125.63715
105,100.0,69.925285
106,107.0,53.027752
107,41.0,64.08459
108,153.0,125.1631
109,126.0,125.831566
110,59.0,89.01185
111,18.0,19.509571
112,66.0,92.72646
113,13.0,19.093855
114,14.0,32.718197
115,139.0,118.71708
116,13.0,7.820834
117,75.0,124.48842
118,8.0,9.804035
119,109.0,67.67772
120,137.0,117.287056
121,41.0,33.161785
122,192.0,125.58352
123,23.0,34.510128
124,86.0,69.813446
125,184.0,125.23342
126,15.0,25.789295
127,195.0,124.51049
128,126.0,124.87585
129,120.0,125.28507
130,165.0,121.42283
131,101.0,110.95365
132,116.0,116.01649
133,126.0,125.74691
134,36.0,42.505836
135,7.0,5.9614363
136,122.0,118.839066
137,159.0,115.492836
138,88.0,120.336784
139,173.0,125.42619
140,146.0,120.06653
141,130.0,125.72369
142,108.0,125.65982
143,53.0,53.704006
144,162.0,123.01632
145,59.0,86.109245
146,100.0,125.76151
147,56.0,90.74751
148,145.0,123.02185
149,76.0,113.71469
150,57.0,34.778107
151,31.0,16.584316
152,88.0,119.88424
153,173.0,116.1182
154,34.0,45.844967
155,7.0,22.477066
156,133.0,121.6865
157,172.0,125.771866
158,6.0,2.6817703
159,22.0,7.7171583
160,83.0,125.106445
161,82.0,125.87464
162,84.0,61.441643
163,95.0,122.27012
164,174.0,125.6617
165,111.0,125.72555
166,72.0,125.17533
167,109.0,123.99652
168,87.0,118.85068
169,179.0,125.05425
170,158.0,125.668625
171,126.0,85.01381
172,12.0,35.955982
173,8.0,2.5781255
174,10.0,12.756367
175,123.0,52.962418
176,103.0,92.89998
177,12.0,38.12098
178,106.0,125.7995
179,12.0,14.453305
180,32.0,10.803553
181,37.0,14.891449
182,116.0,125.13123
183,15.0,12.9010515
184,10.0,3.2270026
185,46.0,41.883934
186,142.0,119.17853
187,24.0,34.782997
188,135.0,89.339806
189,56.0,117.43756
190,43.0,94.96684
191,178.0,125.48722
192,71.0,97.13355
193,104.0,117.134766
194,15.0,11.829623
195,166.0,125.86742
196,89.0,124.47865
197,36.0,46.603977
198,11.0,4.5434113
199,92.0,45.38764
200,96.0,112.03745
201,59.0,123.748985
202,13.0,10.415923
203,167.0,125.2944
204,151.0,90.36141
205,154.0,112.36619
206,109.0,117.127235
207,116.0,121.373436
208,91.0,85.42225
209,11.0,12.110564
210,88.0,124.93119
211,108.0,125.80314
212,76.0,98.293785
213,14.0,20.578005
214,89.0,105.73663
215,145.0,124.43717
216,17.0,10.437526
217,66.0,98.73188
218,154.0,124.78373
219,41.0,37.026375
220,182.0,122.96935
221,73.0,112.57958
222,39.0,112.5781
223,58.0,58.354836
224,14.0,9.287495
225,145.0,123.48803
226,88.0,123.82618
227,162.0,125.84043
228,189.0,125.6569
229,120.0,125.85981
230,98.0,124.46188
231,33.0,34.08823
232,184.0,125.60634
233,110.0,120.86622
234,68.0,48.417904
235,24.0,27.654278
236,75.0,123.610016
237,18.0,5.4393196
238,16.0,3.566888
239,166.0,124.748886
240,98.0,33.997032
241,176.0,125.3101
242,81.0,121.37954
243,118.0,125.40084
244,35.0,39.400436
245,131.0,125.60952
246,194.0,125.80473
247,112.0,92.810486
248,26.0,36.853275
